{
  "accuracy": 0.768,
  "f05_new": 0.8355691835952472,
  "precision_new": 0.9091450700029788,
  "recall_new": 0.6312306101344364,
  "recall_used": 0.9267707082833133,
  "f1_macro": 0.7661148743372757,
  "expected_cost_3to1": 0.29977777777777775,
  "confusion_matrix": {
    "TN_used_used": 7720,
    "FP_used_pred_new": 610,
    "FN_new_pred_used": 3566,
    "TP_new_new": 6104
  },
  "fit_seconds": 4.769181251525879,
  "n_train": 72000,
  "n_val": 18000,
  "top_used_ngrams": [
    [
      " 19",
      6.611991429909077
    ],
    [
      "como ",
      5.631557834421732
    ],
    [
      "usad",
      4.592553174896682
    ],
    [
      " usad",
      4.2169114644887
    ],
    [
      "como",
      4.06033985868673
    ],
    [
      "ntigu",
      3.550829483348678
    ],
    [
      " como",
      3.4527448420085554
    ],
    [
      " la ",
      3.2988533029721188
    ],
    [
      "antig",
      3.1312920589793682
    ],
    [
      "usado",
      2.983817326992235
    ],
    [
      " 200",
      2.9373027437080115
    ],
    [
      "ntig",
      2.931195322069565
    ],
    [
      "estad",
      2.923759095855092
    ],
    [
      "omo ",
      2.917731044120521
    ],
    [
      " el ",
      2.8702506699033523
    ]
  ],
  "top_new_ngrams": [
    [
      " x ",
      -4.91159831510286
    ],
    [
      " p/",
      -3.982373625778227
    ],
    [
      "ml ",
      -3.8128604772174355
    ],
    [
      " mint",
      -3.691678588897197
    ],
    [
      " # ",
      -3.62899635017983
    ],
    [
      "mm ",
      -3.5410143179110642
    ],
    [
      "freno",
      -3.5399095592965972
    ],
    [
      "0w ",
      -3.4816199068603972
    ],
    [
      "cc ",
      -3.4659117145597973
    ],
    [
      "ip ",
      -3.437668135670151
    ],
    [
      "mint",
      -3.2048716603860843
    ],
    [
      " ebo",
      -3.1041594732532336
    ],
    [
      "it ",
      -3.0408524862007753
    ],
    [
      "0ml",
      -2.930990843343492
    ],
    [
      " eb",
      -2.913561318235165
    ]
  ]
}